{"cameraMode":{"drawMode":0,"name":"Shaded","section":"Shading Mode"},"sceneLighting":false,"audioPlay":false,"sceneViewState":{"showFog":true,"showMaterialUpdate":false,"showSkybox":false,"showFlares":true,"showImageEffects":true,"showParticleSystems":true},"in2DMode":false,"pivot":{"x":8.5,"y":-0.09757614135742188,"z":-0.047711923718452457},"rotation":{"x":-0.010810144245624543,"y":0.002096684416756034,"z":-0.00002273219433845952,"w":-0.9999393820762634},"size":17.882661819458009,"orthographic":false}