{"cameraMode":{"drawMode":0,"name":"Shaded","section":"Shading Mode"},"sceneLighting":true,"audioPlay":false,"sceneViewState":{"showFog":true,"showMaterialUpdate":false,"showSkybox":true,"showFlares":true,"showImageEffects":true,"showParticleSystems":true},"in2DMode":false,"pivot":{"x":-4.895226001739502,"y":5.664076805114746,"z":11.295982360839844},"rotation":{"x":0.058152880519628528,"y":-0.01138207409530878,"z":-0.0006629336276091635,"w":-0.9982426166534424},"size":33.0823974609375,"orthographic":false}